{
  "tick_threshold": 39295,
  "volume_threshold": 324055.59922260005,
  "dollar_threshold": 59888108.65833357,
  "target_bars": 5000,
  "data_span_days": 389
}